MID,MERCHANT_DBA_NAME,MSO,SOURCE_CODE,WILAYAH,CHANNEL,TAHUN,BULAN
202135182,PORTAL CELLULAR MBL      ,B60,                  ,WPL,PPU,2018,12
202135539,MULTI PANCING MBL        ,B60,                  ,WPL,PPU,2018,12
202135760,BAHOLA CAFE MBL          ,B60,                  ,WPL,PPU,2018,12
202135778,RM GON RAYA LAMO MBL     ,B60,                  ,WPL,PPU,2018,12
203035399,MAM MEE BAKERY 5 MBL     ,93,B1Y2RC05733111MRQ ,WPL,PPU,2018,12
203037874,ALFAMART P669 VETERAN RAY,A02,P1Y1RR003984081MR2,WPL,PPU,2018,12
203037882,ALFAMART P670 BAYUNG LINC,A02,P1Y1RR003984081MR2,WPL,PPU,2018,12
203037957,ASDP BAKAUHENI EKSEKUTIF ,   ,                  ,WPL,PPU,2018,12
204175863,GIO MIO GELATO MBL       ,D26,B1X2MD264218269PG1,WPL,PPU,2018,12
204175939,APOTEK JAYA KURNIA MBL   ,D26,B1X2MD264218002PG1,WPL,PPU,2018,12
204175954,CENDOL QUEEN ELIZABETH MB,D26,B1X2MD264218269PG1,WPL,PPU,2018,12
204175962,KING MANGO THAI MBL      ,D26,B1X2MD264218269PG1,WPL,PPU,2018,12
204176036,SATAYLAH MBL             ,D26,B1X2MD264218269PG1,WPL,PPU,2018,12
204176069,MAKMUR FURNITURE MBL     ,D25,B1X2MD254217236PG1,WPL,PPU,2018,12
204176077,MADAME SARI MBL          ,D25,B1X1MD254217269PG1,WPL,PPU,2018,12
204176093,APOTEK DARMA ASIH MBL    ,D26,B1X2MD264218118PG1,WPL,PPU,2018,12
204176119,I COFFEE BANDUNG MBL     ,D25,B1X2MD254217236PG1,WPL,PPU,2018,12
204176127,MUARA DIGITAL PRINTING MB,D25,B1X2MD254217269PG1,WPL,PPU,2018,12
204176150,CASABLANCA UNDERWARE MBL ,D25,B1X2MD254217236PG1,WPL,PPU,2018,12
204176226,MANGO TREE'S MBL         ,D26,B1X2MD264218002PG1,WPL,PPU,2018,12
204176234,GOOMA MBL                ,D26,B1X2MD264218269PG1,WPL,PPU,2018,12
204176408,THE PINE MBL             ,D25,                  ,WPL,PPU,2018,12
204176416,AYAM GEPREK DAN BAKSO MED,D26,                  ,WPL,PPU,2018,12
204176424,HASHI RAMEN MBL          ,D26,                  ,WPL,PPU,2018,12
204176614,GRAHA LUKIS MBL          ,D25,                  ,WPL,PPU,2018,12
204176622,MISOLFA MBL              ,D25,                  ,WPL,PPU,2018,12
204176754,APOTIK VITASARI MBL      ,D26,                  ,WPL,PPU,2018,12
204176762,VIN'S JEWELLERY MBL      ,D26,B1X2MD264218269PG1,WPL,PPU,2018,12
204176770,MEDINA PONDOK BUSANA MUSL,D26,                  ,WPL,PPU,2018,12
204176879,TREND FUTSAL MBL         ,D25,                  ,WPL,PPU,2018,12
204176887,TASYA ARNATA MBL         ,D26,                  ,WPL,PPU,2018,12
204176903,ARNATA MBL               ,D26,                  ,WPL,PPU,2018,12
204176911,MAJU BERSAMA TEKSTIL MBL ,D26,                  ,WPL,PPU,2018,12
204177158,PADEPOKAN SEKAR PANGGUNG ,D25,                  ,WPL,PPU,2018,12
204177349,LAMOZA MATERIAL MBL      ,D25,                  ,WPL,PPU,2018,12
204177356,LAMOZA MART MBL          ,D25,                  ,WPL,PPU,2018,12
204177372,PRO WOOD MBL             ,D25,                  ,WPL,PPU,2018,12
204177406,CONGRESS COFFEE MBL      ,D26,                  ,WPL,PPU,2018,12
204177463,O'CHICKEN MBL            ,D26,B1X2MD264219269PG1,WPL,PPU,2018,12
204177471,HNS ADVERTISING MBL      ,D25,B1X2MD254217236PG1,WPL,PPU,2018,12
204179253,DAPUR TUJUH MBL          ,D25,B1X2MD254217236PG1,WPL,PPU,2018,12
204179261,DWHC STORE MBL           ,D25,B1X2MD254217236PG1,WPL,PPU,2018,12
204179279,SAUNG UU MBL             ,D26,B1X2MD264218179PG1,WPL,PPU,2018,12
204179287,KAUTSAR BUSANA MUSLIM MBL,D26,B1X2MD264218269PG1,WPL,PPU,2018,12
204179345,MEY BROW MBL             ,D26,B1X2MD264218002PG1,WPL,PPU,2018,12
204179360,BARCELONA SPORT MBL      ,D25,B1X2MD254217236PG1,WPL,PPU,2018,12
204179378,OZ BABY MBL              ,D25,B1X2MD254217236PG1,WPL,PPU,2018,12
204179394,APOTEK PANGHEGAR 2 MBL   ,D25,B1X2MD254217269PG1,WPL,PPU,2018,12
204179444,ARW SERVICE MBL          ,D25,B1X2MD254217236PG1,WPL,PPU,2018,12
204179485,SHABUCI MBL              ,D26,B1X2MD264218269PG1,WPL,PPU,2018,12
204180780,ALFAMART V730 MAJA UTARA ,A05,P1Y1RR003984081MR2,WPL,PPU,2018,12
205164999,ALFAMART V731 GAJAH MADA ,A05,P1Y1RR003984081MR2,WPL,PPU,2018,12
210297438,ANGKOT OK TRIP 640       ,   ,I1X1NL000000000000,WPL,PPU,2018,12
210297446,ANGKOT OK TRIP 641       ,   ,I1Y1NL000000000000,WPL,PPU,2018,12
210297453,ANGKOT OK TRIP 642       ,   ,I1Y1NL000000000000,WPL,PPU,2018,12
210297461,ANGKOT OK TRIP 643       ,   ,I1Y1NL000000000000,WPL,PPU,2018,12
210297479,ANGKOT OK TRIP 644       ,   ,I1Y1NL000000000000,WPL,PPU,2018,12
210297487,ANGKOT OK TRIP 645       ,   ,I1Y1NL000000000000,WPL,PPU,2018,12
210297495,ANGKOT OK TRIP 646       ,   ,I1Y1NL000000000000,WPL,PPU,2018,12
210297503,ANGKOT OK TRIP 647       ,   ,I1Y1NL000000000000,WPL,PPU,2018,12
210297511,ANGKOT OK TRIP 648       ,   ,I1Y1NL000000000000,WPL,PPU,2018,12
210297529,ANGKOT OK TRIP 649       ,   ,I1Y1NL000000000000,WPL,PPU,2018,12
210297537,ANGKOT OK TRIP 650       ,   ,I1Y1NL000000000000,WPL,PPU,2018,12
210297545,ANGKOT OK TRIP 651       ,   ,I1Y1NL000000000000,WPL,PPU,2018,12
210297552,ANGKOT OK TRIP 652       ,   ,I1Y1NL000000000000,WPL,PPU,2018,12
210297560,ANGKOT OK TRIP 653       ,   ,I1Y1NL000000000000,WPL,PPU,2018,12
210297578,ANGKOT OK TRIP 654       ,   ,I1Y1NL000000000000,WPL,PPU,2018,12
210297586,ANGKOT OK TRIP 655       ,   ,I1Y1NL000000000000,WPL,PPU,2018,12
210297594,ANGKOT OK TRIP 656       ,   ,I1Y1NL000000000000,WPL,PPU,2018,12
210297602,ANGKOT OK TRIP 657       ,   ,I1Y1NL000000000000,WPL,PPU,2018,12
210297610,ANGKOT OK TRIP 658       ,   ,I1Y1NL000000000000,WPL,PPU,2018,12
210297628,ANGKOT OK TRIP 659       ,   ,I1Y1NL000000000000,WPL,PPU,2018,12
210297636,ANGKOT OK TRIP 660       ,   ,I1Y1NL000000000000,WPL,PPU,2018,12
210297644,ANGKOT OK TRIP 661       ,   ,I1Y1NL000000000000,WPL,PPU,2018,12
210297651,ANGKOT OK TRIP 662       ,   ,I1Y1NL000000000000,WPL,PPU,2018,12
210297669,ANGKOT OK TRIP 663       ,   ,I1Y1NL000000000000,WPL,PPU,2018,12
210297677,ANGKOT OK TRIP 664       ,   ,I1Y1NL000000000000,WPL,PPU,2018,12
210297685,ANGKOT OK TRIP 665       ,   ,I1Y1NL000000000000,WPL,PPU,2018,12
210297693,ANGKOT OK TRIP 666       ,   ,I1Y1NL000000000000,WPL,PPU,2018,12
210297701,ANGKOT OK TRIP 667       ,   ,I1Y1NL000000000000,WPL,PPU,2018,12
210297719,ANGKOT OK TRIP 668       ,   ,I1Y1NL000000000000,WPL,PPU,2018,12
210297727,ANGKOT OK TRIP 669       ,   ,I1Y1NL000000000000,WPL,PPU,2018,12
210297735,ANGKOT OK TRIP 670       ,   ,I1Y1NL000000000000,WPL,PPU,2018,12
210297743,ANGKOT OK TRIP 671       ,   ,I1Y1NL000000000000,WPL,PPU,2018,12
210297750,ANGKOT OK TRIP 672       ,   ,I1Y1NL000000000000,WPL,PPU,2018,12
210297768,ANGKOT OK TRIP 673       ,   ,I1Y1NL000000000000,WPL,PPU,2018,12
210297776,ANGKOT OK TRIP 674       ,   ,I1Y1NL000000000000,WPL,PPU,2018,12
210297784,ANGKOT OK TRIP 675       ,   ,I1Y1NL000000000000,WPL,PPU,2018,12
210297792,ANGKOT OK TRIP 676       ,   ,I1Y1NL000000000000,WPL,PPU,2018,12
210297800,ANGKOT OK TRIP 677       ,   ,I1Y1NL000000000000,WPL,PPU,2018,12
210297818,ANGKOT OK TRIP 678       ,   ,I1Y1NL000000000000,WPL,PPU,2018,12
210297826,ANGKOT OK TRIP 679       ,   ,I1Y1NL000000000000,WPL,PPU,2018,12
210297834,ANGKOT OK TRIP 680       ,   ,I1Y1NL000000000000,WPL,PPU,2018,12
210297842,ANGKOT OK TRIP 681       ,   ,I1Y1NL000000000000,WPL,PPU,2018,12
210297859,ANGKOT OK TRIP 682       ,   ,I1Y1NL000000000000,WPL,PPU,2018,12
210297867,ANGKOT OK TRIP 683       ,   ,I1Y1NL000000000000,WPL,PPU,2018,12
210297875,ANGKOT OK TRIP 684       ,   ,I1Y1NL000000000000,WPL,PPU,2018,12
210297883,ANGKOT OK TRIP 685       ,   ,I1Y1NL000000000000,WPL,PPU,2018,12
210297891,ANGKOT OK TRIP 686       ,   ,I1Y1NL000000000000,WPL,PPU,2018,12
210297909,ANGKOT OK TRIP 687       ,   ,I1Y1NL000000000000,WPL,PPU,2018,12
210297917,ANGKOT OK TRIP 688       ,   ,I1Y1NL000000000000,WPL,PPU,2018,12
210297925,ANGKOT OK TRIP 689       ,   ,I1Y1NL000000000000,WPL,PPU,2018,12
210297933,ANGKOT OK TRIP 690       ,   ,I1Y1NL000000000000,WPL,PPU,2018,12
210297941,ANGKOT OK TRIP 691       ,   ,I1Y1NL000000000000,WPL,PPU,2018,12
210297958,ANGKOT OK TRIP 692       ,   ,I1Y1NL000000000000,WPL,PPU,2018,12
210297966,ANGKOT OK TRIP 693       ,   ,I1Y1NL000000000000,WPL,PPU,2018,12
210297974,ANGKOT OK TRIP 694       ,   ,I1Y1NL000000000000,WPL,PPU,2018,12
210297982,ANGKOT OK TRIP 695       ,   ,I1Y1NL000000000000,WPL,PPU,2018,12
210297990,ANGKOT OK TRIP 696       ,   ,I1Y1NL000000000000,WPL,PPU,2018,12
210298006,ANGKOT OK TRIP 697       ,   ,I1Y1NL000000000000,WPL,PPU,2018,12
210298014,ANGKOT OK TRIP 698       ,   ,I1Y1NL000000000000,WPL,PPU,2018,12
210298022,ANGKOT OK TRIP 699       ,   ,I1Y1NL000000000000,WPL,PPU,2018,12
210298030,ANGKOT OK TRIP 700       ,   ,I1Y1NL000000000000,WPL,PPU,2018,12
210298048,ANGKOT OK TRIP 701       ,   ,I1Y1NL000000000000,WPL,PPU,2018,12
210298055,ANGKOT OK TRIP 702       ,   ,I1Y1NL000000000000,WPL,PPU,2018,12
210298063,ANGKOT OK TRIP 703       ,   ,I1Y1NL000000000000,WPL,PPU,2018,12
210298071,ANGKOT OK TRIP 704       ,   ,I1Y1NL000000000000,WPL,PPU,2018,12
210298089,ANGKOT OK TRIP 705       ,   ,I1Y1NL000000000000,WPL,PPU,2018,12
210298097,ANGKOT OK TRIP 706       ,   ,I1Y1NL000000000000,WPL,PPU,2018,12
210298105,ANGKOT OK TRIP 707       ,   ,I1Y1NL000000000000,WPL,PPU,2018,12
210298113,ANGKOT OK TRIP 708       ,   ,I1Y1NL000000000000,WPL,PPU,2018,12
210298121,ANGKOT OK TRIP 709       ,   ,I1Y1NL000000000000,WPL,PPU,2018,12
210298139,ANGKOT OK TRIP 710       ,   ,I1Y1NL000000000000,WPL,PPU,2018,12
210298147,ANGKOT OK TRIP 711       ,   ,I1Y1NL000000000000,WPL,PPU,2018,12
210298154,ANGKOT OK TRIP 712       ,   ,I1Y1NL000000000000,WPL,PPU,2018,12
210298162,ANGKOT OK TRIP 713       ,   ,I1Y1NL000000000000,WPL,PPU,2018,12
210298170,ANGKOT OK TRIP 714       ,   ,I1Y1NL000000000000,WPL,PPU,2018,12
210298188,ANGKOT OK TRIP 715       ,   ,I1Y1NL000000000000,WPL,PPU,2018,12
210298196,ANGKOT OK TRIP 716       ,   ,I1Y1NL000000000000,WPL,PPU,2018,12
210298204,ANGKOT OK TRIP 717       ,   ,I1Y1NL000000000000,WPL,PPU,2018,12
210298212,ANGKOT OK TRIP 718       ,   ,I1Y1NL000000000000,WPL,PPU,2018,12
210298220,ANGKOT OK TRIP 719       ,   ,I1Y1NL000000000000,WPL,PPU,2018,12
210298238,ANGKOT OK TRIP 720       ,   ,I1Y1NL000000000000,WPL,PPU,2018,12
210298246,ANGKOT OK TRIP 721       ,   ,I1Y1NL000000000000,WPL,PPU,2018,12
210298253,ANGKOT OK TRIP 722       ,   ,I1Y1NL000000000000,WPL,PPU,2018,12
210298261,ANGKOT OK TRIP 723       ,   ,I1Y1NL000000000000,WPL,PPU,2018,12
210298279,ANGKOT OK TRIP 724       ,   ,I1Y1NL000000000000,WPL,PPU,2018,12
210298287,ANGKOT OK TRIP 725       ,   ,I1Y1NL000000000000,WPL,PPU,2018,12
210298295,ANGKOT OK TRIP 726       ,   ,I1Y1NL000000000000,WPL,PPU,2018,12
210298303,ANGKOT OK TRIP 727       ,   ,I1Y1NL000000000000,WPL,PPU,2018,12
210298311,ANGKOT OK TRIP 728       ,   ,I1Y1NL000000000000,WPL,PPU,2018,12
210298329,ANGKOT OK TRIP 729       ,   ,I1Y1NL000000000000,WPL,PPU,2018,12
210298337,ANGKOT OK TRIP 730       ,   ,I1Y1NL000000000000,WPL,PPU,2018,12
210298345,ANGKOT OK TRIP 731       ,   ,I1Y1NL000000000000,WPL,PPU,2018,12
210298352,ANGKOT OK TRIP 732       ,   ,I1Y1NL000000000000,WPL,PPU,2018,12
210298360,ANGKOT OK TRIP 733       ,   ,I1Y1NL000000000000,WPL,PPU,2018,12
210298378,ANGKOT OK TRIP 734       ,   ,I1Y1NL000000000000,WPL,PPU,2018,12
210298386,ANGKOT OK TRIP 735       ,   ,I1Y1NL000000000000,WPL,PPU,2018,12
210298394,ANGKOT OK TRIP 736       ,   ,I1Y1NL000000000000,WPL,PPU,2018,12
210298402,ANGKOT OK TRIP 737       ,   ,I1Y1NL000000000000,WPL,PPU,2018,12
210298410,ANGKOT OK TRIP 738       ,   ,I1Y1NL000000000000,WPL,PPU,2018,12
210298428,ANGKOT OK TRIP 739       ,   ,I1Y1NL000000000000,WPL,PPU,2018,12
210298436,ANGKOT OK TRIP 740       ,   ,I1Y1NL000000000000,WPL,PPU,2018,12
210298444,ANGKOT OK TRIP 741       ,   ,I1Y1NL000000000000,WPL,PPU,2018,12
210298451,ANGKOT OK TRIP 742       ,   ,I1Y1NL000000000000,WPL,PPU,2018,12
210298469,ANGKOT OK TRIP 743       ,   ,I1Y1NL000000000000,WPL,PPU,2018,12
210298477,ANGKOT OK TRIP 744       ,   ,I1Y1NL000000000000,WPL,PPU,2018,12
210298485,ANGKOT OK TRIP 745       ,   ,I1Y1NL000000000000,WPL,PPU,2018,12
210298493,ANGKOT OK TRIP 746       ,   ,I1Y1NL000000000000,WPL,PPU,2018,12
210298501,ANGKOT OK TRIP 747       ,   ,I1Y1NL000000000000,WPL,PPU,2018,12
210298519,ANGKOT OK TRIP 748       ,   ,I1Y1NL000000000000,WPL,PPU,2018,12
210298527,ANGKOT OK TRIP 749       ,   ,I1Y1NL000000000000,WPL,PPU,2018,12
210298535,ANGKOT OK TRIP 750       ,   ,I1Y1NL000000000000,WPL,PPU,2018,12
210298543,ANGKOT OK TRIP 751       ,   ,I1Y1NL000000000000,WPL,PPU,2018,12
210298550,ANGKOT OK TRIP 752       ,   ,I1Y1NL000000000000,WPL,PPU,2018,12
210298568,ANGKOT OK TRIP 753       ,   ,I1Y1NL000000000000,WPL,PPU,2018,12
210298576,ANGKOT OK TRIP 754       ,   ,I1Y1NL000000000000,WPL,PPU,2018,12
210298584,ANGKOT OK TRIP 755       ,   ,I1Y1NL000000000000,WPL,PPU,2018,12
210298592,ANGKOT OK TRIP 756       ,   ,I1Y1NL000000000000,WPL,PPU,2018,12
210298600,ANGKOT OK TRIP 757       ,   ,I1Y1NL000000000000,WPL,PPU,2018,12
210298618,ANGKOT OK TRIP 758       ,   ,I1Y1NL000000000000,WPL,PPU,2018,12
210298626,ANGKOT OK TRIP 759       ,   ,I1Y1NL000000000000,WPL,PPU,2018,12
210298634,ANGKOT OK TRIP 760       ,   ,I1Y1NL000000000000,WPL,PPU,2018,12
210298642,ANGKOT OK TRIP 761       ,   ,I1Y1NL000000000000,WPL,PPU,2018,12
210298659,ANGKOT OK TRIP 762       ,   ,I1Y1NL000000000000,WPL,PPU,2018,12
210298667,ANGKOT OK TRIP 763       ,   ,I1Y1NL000000000000,WPL,PPU,2018,12
210298675,ANGKOT OK TRIP 764       ,   ,I1Y1NL000000000000,WPL,PPU,2018,12
210298683,ANGKOT OK TRIP 765       ,   ,I1Y1NL000000000000,WPL,PPU,2018,12
210298691,ANGKOT OK TRIP 766       ,   ,I1Y1NL000000000000,WPL,PPU,2018,12
210298709,ANGKOT OK TRIP 767       ,   ,I1Y1NL000000000000,WPL,PPU,2018,12
210298717,ANGKOT OK TRIP 768       ,   ,I1Y1NL000000000000,WPL,PPU,2018,12
210298725,ANGKOT OK TRIP 769       ,   ,I1Y1NL000000000000,WPL,PPU,2018,12
210298733,ANGKOT OK TRIP 770       ,   ,I1Y1NL000000000000,WPL,PPU,2018,12
210298741,ANGKOT OK TRIP 771       ,   ,I1Y1NL000000000000,WPL,PPU,2018,12
210298758,ANGKOT OK TRIP 772       ,   ,I1Y1NL000000000000,WPL,PPU,2018,12
210298766,ANGKOT OK TRIP 773       ,   ,I1Y1NL000000000000,WPL,PPU,2018,12
210298774,ANGKOT OK TRIP 774       ,   ,I1Y1NL000000000000,WPL,PPU,2018,12
210298782,ANGKOT OK TRIP 775       ,   ,I1Y1NL000000000000,WPL,PPU,2018,12
210298790,ANGKOT OK TRIP 776       ,   ,I1Y1NL000000000000,WPL,PPU,2018,12
210298808,ANGKOT OK TRIP 777       ,   ,I1Y1NL000000000000,WPL,PPU,2018,12
210298816,ANGKOT OK TRIP 778       ,   ,I1Y1NL000000000000,WPL,PPU,2018,12
210298824,ANGKOT OK TRIP 779       ,   ,I1Y1NL000000000000,WPL,PPU,2018,12
210298832,ANGKOT OK TRIP 780       ,   ,I1Y1NL000000000000,WPL,PPU,2018,12
210298840,ANGKOT OK TRIP 781       ,   ,I1Y1NL000000000000,WPL,PPU,2018,12
210298857,ANGKOT OK TRIP 782       ,   ,I1Y1NL000000000000,WPL,PPU,2018,12
210298865,ANGKOT OK TRIP 783       ,   ,I1Y1NL000000000000,WPL,PPU,2018,12
210298873,ANGKOT OK TRIP 784       ,   ,I1Y1NL000000000000,WPL,PPU,2018,12
210298881,ANGKOT OK TRIP 785       ,   ,I1Y1NL000000000000,WPL,PPU,2018,12
210298899,ANGKOT OK TRIP 786       ,   ,I1Y1NL000000000000,WPL,PPU,2018,12
210298907,ANGKOT OK TRIP 787       ,   ,I1Y1NL000000000000,WPL,PPU,2018,12
210298915,ANGKOT OK TRIP 788       ,   ,I1Y1NL000000000000,WPL,PPU,2018,12
210298923,ANGKOT OK TRIP 789       ,   ,I1Y1NL000000000000,WPL,PPU,2018,12
210298931,ANGKOT OK TRIP 790       ,   ,I1Y1NL000000000000,WPL,PPU,2018,12
210298949,ANGKOT OK TRIP 791       ,   ,I1Y1NL000000000000,WPL,PPU,2018,12
210298956,ANGKOT OK TRIP 792       ,   ,I1Y1NL000000000000,WPL,PPU,2018,12
210298964,ANGKOT OK TRIP 793       ,   ,I1Y1NL000000000000,WPL,PPU,2018,12
210298972,ANGKOT OK TRIP 794       ,   ,I1Y1NL000000000000,WPL,PPU,2018,12
210298980,ANGKOT OK TRIP 795       ,   ,I1Y1NL000000000000,WPL,PPU,2018,12
210298998,ANGKOT OK TRIP 796       ,   ,I1Y1NL000000000000,WPL,PPU,2018,12
210299004,ANGKOT OK TRIP 797       ,   ,I1Y1NL000000000000,WPL,PPU,2018,12
210299012,ANGKOT OK TRIP 798       ,   ,I1Y1NL000000000000,WPL,PPU,2018,12
210299020,ANGKOT OK TRIP 799       ,   ,I1Y1NL000000000000,WPL,PPU,2018,12
210299038,ANGKOT OK TRIP 800       ,   ,I1Y1NL000000000000,WPL,PPU,2018,12
210299046,ANGKOT OK TRIP 801       ,   ,I1Y1NL000000000000,WPL,PPU,2018,12
210299053,ANGKOT OK TRIP 802       ,   ,I1Y1NL000000000000,WPL,PPU,2018,12
210299061,ANGKOT OK TRIP 803       ,   ,I1Y1NL000000000000,WPL,PPU,2018,12
210299079,ANGKOT OK TRIP 804       ,   ,I1Y1NL000000000000,WPL,PPU,2018,12
210299087,ANGKOT OK TRIP 805       ,   ,I1Y1NL000000000000,WPL,PPU,2018,12
210299095,ANGKOT OK TRIP 806       ,   ,I1Y1NL000000000000,WPL,PPU,2018,12
210299103,ANGKOT OK TRIP 807       ,   ,I1Y1NL000000000000,WPL,PPU,2018,12
210299111,ANGKOT OK TRIP 808       ,   ,I1Y1NL000000000000,WPL,PPU,2018,12
210299129,ANGKOT OK TRIP 809       ,   ,I1Y1NL000000000000,WPL,PPU,2018,12
210299137,ANGKOT OK TRIP 810       ,   ,I1Y1NL000000000000,WPL,PPU,2018,12
210299145,ANGKOT OK TRIP 811       ,   ,I1Y1NL000000000000,WPL,PPU,2018,12
210299152,ANGKOT OK TRIP 812       ,   ,I1Y1NL000000000000,WPL,PPU,2018,12
210299160,ANGKOT OK TRIP 813       ,   ,I1Y1NL000000000000,WPL,PPU,2018,12
210299178,ANGKOT OK TRIP 814       ,   ,I1Y1NL000000000000,WPL,PPU,2018,12
210299186,ANGKOT OK TRIP 815       ,   ,I1Y1NL000000000000,WPL,PPU,2018,12
210299194,ANGKOT OK TRIP 816       ,   ,I1Y1NL000000000000,WPL,PPU,2018,12
210299202,ANGKOT OK TRIP 817       ,   ,I1Y1NL000000000000,WPL,PPU,2018,12
210299210,ANGKOT OK TRIP 818       ,   ,I1Y1NL000000000000,WPL,PPU,2018,12
210299228,ANGKOT OK TRIP 819       ,   ,I1Y1NL000000000000,WPL,PPU,2018,12
210299236,ANGKOT OK TRIP 820       ,   ,I1Y1NL000000000000,WPL,PPU,2018,12
210299244,ANGKOT OK TRIP 821       ,   ,I1Y1NL000000000000,WPL,PPU,2018,12
210299251,ANGKOT OK TRIP 822       ,   ,I1Y1NL000000000000,WPL,PPU,2018,12
210299269,ANGKOT OK TRIP 823       ,   ,I1Y1NL000000000000,WPL,PPU,2018,12
210299277,ANGKOT OK TRIP 824       ,   ,I1Y1NL000000000000,WPL,PPU,2018,12
210299285,ANGKOT OK TRIP 825       ,   ,I1Y1NL000000000000,WPL,PPU,2018,12
210299293,ANGKOT OK TRIP 826       ,   ,I1Y1NL000000000000,WPL,PPU,2018,12
210299301,ANGKOT OK TRIP 827       ,   ,I1Y1NL000000000000,WPL,PPU,2018,12
210299319,ANGKOT OK TRIP 828       ,   ,I1Y1NL000000000000,WPL,PPU,2018,12
210299327,ANGKOT OK TRIP 829       ,   ,I1Y1NL000000000000,WPL,PPU,2018,12
210299335,ANGKOT OK TRIP 830       ,   ,I1Y1NL000000000000,WPL,PPU,2018,12
210299343,ANGKOT OK TRIP 831       ,   ,I1Y1NL000000000000,WPL,PPU,2018,12
210299350,ANGKOT OK TRIP 832       ,   ,I1Y1NL000000000000,WPL,PPU,2018,12
210299368,ANGKOT OK TRIP 833       ,   ,I1Y1NL000000000000,WPL,PPU,2018,12
210299376,ANGKOT OK TRIP 834       ,   ,I1Y1NL000000000000,WPL,PPU,2018,12
210299384,ANGKOT OK TRIP 835       ,   ,I1Y1NL000000000000,WPL,PPU,2018,12
210299392,ANGKOT OK TRIP 836       ,   ,I1Y1NL000000000000,WPL,PPU,2018,12
210299400,ANGKOT OK TRIP 837       ,   ,I1Y1NL000000000000,WPL,PPU,2018,12
210299418,ANGKOT OK TRIP 838       ,   ,I1Y1NL000000000000,WPL,PPU,2018,12
210299426,ANGKOT OK TRIP 839       ,   ,I1Y1NL000000000000,WPL,PPU,2018,12
210299434,ANGKOT OK TRIP 840       ,   ,I1Y1NL000000000000,WPL,PPU,2018,12
210299442,ANGKOT OK TRIP 841       ,   ,I1Y1NL000000000000,WPL,PPU,2018,12
210299459,ANGKOT OK TRIP 842       ,   ,I1Y1NL000000000000,WPL,PPU,2018,12
210299467,ANGKOT OK TRIP 843       ,   ,I1Y1NL000000000000,WPL,PPU,2018,12
210299475,ANGKOT OK TRIP 844       ,   ,I1Y1NL000000000000,WPL,PPU,2018,12
210299483,ANGKOT OK TRIP 845       ,   ,I1Y1NL000000000000,WPL,PPU,2018,12
210299491,ANGKOT OK TRIP 846       ,   ,I1Y1NL000000000000,WPL,PPU,2018,12
210299509,ANGKOT OK TRIP 847       ,   ,I1Y1NL000000000000,WPL,PPU,2018,12
210299517,ANGKOT OK TRIP 848       ,   ,I1Y1NL000000000000,WPL,PPU,2018,12
210299525,ANGKOT OK TRIP 849       ,   ,I1Y1NL000000000000,WPL,PPU,2018,12
210299533,ANGKOT OK TRIP 850       ,   ,I1Y1NL000000000000,WPL,PPU,2018,12
210299541,ANGKOT OK TRIP 851       ,   ,I1Y1NL000000000000,WPL,PPU,2018,12
210299558,ANGKOT OK TRIP 852       ,   ,I1Y1NL000000000000,WPL,PPU,2018,12
210299566,ANGKOT OK TRIP 853       ,   ,I1Y1NL000000000000,WPL,PPU,2018,12
210299574,ANGKOT OK TRIP 854       ,   ,I1Y1NL000000000000,WPL,PPU,2018,12
210299582,ANGKOT OK TRIP 855       ,   ,I1Y1NL000000000000,WPL,PPU,2018,12
210299590,ANGKOT OK TRIP 856       ,   ,I1Y1NL000000000000,WPL,PPU,2018,12
210299608,ANGKOT OK TRIP 857       ,   ,I1Y1NL000000000000,WPL,PPU,2018,12
210299616,ANGKOT OK TRIP 858       ,   ,I1Y1NL000000000000,WPL,PPU,2018,12
210299624,ANGKOT OK TRIP 859       ,   ,I1Y1NL000000000000,WPL,PPU,2018,12
210299632,ANGKOT OK TRIP 860       ,   ,I1Y1NL000000000000,WPL,PPU,2018,12
210299640,ANGKOT OK TRIP 861       ,   ,I1Y1NL000000000000,WPL,PPU,2018,12
210299657,ANGKOT OK TRIP 862       ,   ,I1Y1NL000000000000,WPL,PPU,2018,12
210299665,ANGKOT OK TRIP 863       ,   ,I1Y1NL000000000000,WPL,PPU,2018,12
210299673,ANGKOT OK TRIP 864       ,   ,I1Y1NL000000000000,WPL,PPU,2018,12
210299681,ANGKOT OK TRIP 865       ,   ,I1Y1NL000000000000,WPL,PPU,2018,12
210299699,ANGKOT OK TRIP 866       ,   ,I1Y1NL000000000000,WPL,PPU,2018,12
210299707,ANGKOT OK TRIP 867       ,   ,I1Y1NL000000000000,WPL,PPU,2018,12
210299715,ANGKOT OK TRIP 868       ,   ,I1Y1NL000000000000,WPL,PPU,2018,12
210299723,ANGKOT OK TRIP 869       ,   ,I1Y1NL000000000000,WPL,PPU,2018,12
210299731,ANGKOT OK TRIP 870       ,   ,I1Y1NL000000000000,WPL,PPU,2018,12
210299749,ANGKOT OK TRIP 871       ,   ,I1Y1NL000000000000,WPL,PPU,2018,12
210299756,ANGKOT OK TRIP 872       ,   ,I1Y1NL000000000000,WPL,PPU,2018,12
210299764,ANGKOT OK TRIP 873       ,   ,I1Y1NL000000000000,WPL,PPU,2018,12
210299772,ANGKOT OK TRIP 874       ,   ,I1Y1NL000000000000,WPL,PPU,2018,12
210299780,ANGKOT OK TRIP 875       ,   ,I1Y1NL000000000000,WPL,PPU,2018,12
210299798,ANGKOT OK TRIP 876       ,   ,I1Y1NL000000000000,WPL,PPU,2018,12
210299806,ANGKOT OK TRIP 877       ,   ,I1Y1NL000000000000,WPL,PPU,2018,12
210299814,ANGKOT OK TRIP 878       ,   ,I1Y1NL000000000000,WPL,PPU,2018,12
210299822,ANGKOT OK TRIP 879       ,   ,I1Y1NL000000000000,WPL,PPU,2018,12
210299830,ANGKOT OK TRIP 880       ,   ,I1Y1NL000000000000,WPL,PPU,2018,12
210299848,ANGKOT OK TRIP 881       ,   ,I1Y1NL000000000000,WPL,PPU,2018,12
210299855,ANGKOT OK TRIP 882       ,   ,I1Y1NL000000000000,WPL,PPU,2018,12
210299863,ANGKOT OK TRIP 883       ,   ,I1Y1NL000000000000,WPL,PPU,2018,12
210299871,ANGKOT OK TRIP 884       ,   ,I1Y1NL000000000000,WPL,PPU,2018,12
210299889,ANGKOT OK TRIP 885       ,   ,I1Y1NL000000000000,WPL,PPU,2018,12
210299897,ANGKOT OK TRIP 886       ,   ,I1Y1NL000000000000,WPL,PPU,2018,12
210299905,ANGKOT OK TRIP 887       ,   ,I1Y1NL000000000000,WPL,PPU,2018,12
210299913,ANGKOT OK TRIP 888       ,   ,I1Y1NL000000000000,WPL,PPU,2018,12
210299921,ANGKOT OK TRIP 889       ,   ,I1Y1NL000000000000,WPL,PPU,2018,12
210299939,ANGKOT OK TRIP 890       ,   ,I1Y1NL000000000000,WPL,PPU,2018,12
210299947,ANGKOT OK TRIP 891       ,   ,I1Y1NL000000000000,WPL,PPU,2018,12
210299954,ANGKOT OK TRIP 892       ,   ,I1Y1NL000000000000,WPL,PPU,2018,12
210299962,ANGKOT OK TRIP 893       ,   ,I1Y1NL000000000000,WPL,PPU,2018,12
210299970,ANGKOT OK TRIP 894       ,   ,I1Y1NL000000000000,WPL,PPU,2018,12
210299988,ANGKOT OK TRIP 895       ,   ,I1Y1NL000000000000,WPL,PPU,2018,12
210299996,ANGKOT OK TRIP 896       ,   ,I1Y1NL000000000000,WPL,PPU,2018,12
210300000,ANGKOT OK TRIP 897       ,   ,I1Y1NL000000000000,WPL,PPU,2018,12
210300018,ANGKOT OK TRIP 898       ,   ,I1Y1NL000000000000,WPL,PPU,2018,12
210300026,ANGKOT OK TRIP 899       ,   ,I1Y1NL000000000000,WPL,PPU,2018,12
210300034,ANGKOT OK TRIP 900       ,   ,I1Y1NL000000000000,WPL,PPU,2018,12
210300042,ANGKOT OK TRIP 901       ,   ,I1Y1NL000000000000,WPL,PPU,2018,12
210300059,ANGKOT OK TRIP 902       ,   ,I1Y1NL000000000000,WPL,PPU,2018,12
210300067,ANGKOT OK TRIP 903       ,   ,I1Y1NL000000000000,WPL,PPU,2018,12
210300075,ANGKOT OK TRIP 904       ,   ,I1Y1NL000000000000,WPL,PPU,2018,12
210300083,ANGKOT OK TRIP 905       ,   ,I1Y1NL000000000000,WPL,PPU,2018,12
210300091,ANGKOT OK TRIP 906       ,   ,I1Y1NL000000000000,WPL,PPU,2018,12
210300109,ANGKOT OK TRIP 907       ,   ,I1Y1NL000000000000,WPL,PPU,2018,12
210300117,ANGKOT OK TRIP 908       ,   ,I1Y1NL000000000000,WPL,PPU,2018,12
210300125,ANGKOT OK TRIP 909       ,   ,I1Y1NL000000000000,WPL,PPU,2018,12
210300133,ANGKOT OK TRIP 910       ,   ,I1Y1NL000000000000,WPL,PPU,2018,12
210300141,ANGKOT OK TRIP 911       ,   ,I1Y1NL000000000000,WPL,PPU,2018,12
210300158,ANGKOT OK TRIP 912       ,   ,I1Y1NL000000000000,WPL,PPU,2018,12
210300166,ANGKOT OK TRIP 913       ,   ,I1Y1NL000000000000,WPL,PPU,2018,12
210300174,ANGKOT OK TRIP 914       ,   ,I1Y1NL000000000000,WPL,PPU,2018,12
210300182,ANGKOT OK TRIP 915       ,   ,I1Y1NL000000000000,WPL,PPU,2018,12
210300190,ANGKOT OK TRIP 916       ,   ,I1Y1NL000000000000,WPL,PPU,2018,12
210300208,ANGKOT OK TRIP 917       ,   ,I1Y1NL000000000000,WPL,PPU,2018,12
210300216,ANGKOT OK TRIP 918       ,   ,I1Y1NL000000000000,WPL,PPU,2018,12
210300224,ANGKOT OK TRIP 919       ,   ,I1Y1NL000000000000,WPL,PPU,2018,12
210300232,ANGKOT OK TRIP 920       ,   ,I1Y1NL000000000000,WPL,PPU,2018,12
210300240,ANGKOT OK TRIP 921       ,   ,I1Y1NL000000000000,WPL,PPU,2018,12
210300257,ANGKOT OK TRIP 922       ,   ,I1Y1NL000000000000,WPL,PPU,2018,12
210300265,ANGKOT OK TRIP 923       ,   ,I1Y1NL000000000000,WPL,PPU,2018,12
210300273,ANGKOT OK TRIP 924       ,   ,I1Y1NL000000000000,WPL,PPU,2018,12
210300281,ANGKOT OK TRIP 925       ,   ,I1Y1NL000000000000,WPL,PPU,2018,12
210300299,ANGKOT OK TRIP 926       ,   ,I1Y1NL000000000000,WPL,PPU,2018,12
210300307,ANGKOT OK TRIP 927       ,   ,I1Y1NL000000000000,WPL,PPU,2018,12
210300315,ANGKOT OK TRIP 928       ,   ,I1Y1NL000000000000,WPL,PPU,2018,12
210300323,ANGKOT OK TRIP 929       ,   ,I1Y1NL000000000000,WPL,PPU,2018,12
210300331,ANGKOT OK TRIP 930       ,   ,I1Y1NL000000000000,WPL,PPU,2018,12
210300349,ANGKOT OK TRIP 931       ,   ,I1Y1NL000000000000,WPL,PPU,2018,12
210300356,ANGKOT OK TRIP 932       ,   ,I1Y1NL000000000000,WPL,PPU,2018,12
210300364,ANGKOT OK TRIP 933       ,   ,I1Y1NL000000000000,WPL,PPU,2018,12
210300372,ANGKOT OK TRIP 934       ,   ,I1Y1NL000000000000,WPL,PPU,2018,12
210300380,ANGKOT OK TRIP 935       ,   ,I1Y1NL000000000000,WPL,PPU,2018,12
210300398,ANGKOT OK TRIP 936       ,   ,I1Y1NL000000000000,WPL,PPU,2018,12
210300406,ANGKOT OK TRIP 937       ,   ,I1Y1NL000000000000,WPL,PPU,2018,12
210300414,ANGKOT OK TRIP 938       ,   ,I1Y1NL000000000000,WPL,PPU,2018,12
210300422,ANGKOT OK TRIP 939       ,   ,I1Y1NL000000000000,WPL,PPU,2018,12
210300430,ANGKOT OK TRIP 940       ,   ,I1Y1NL000000000000,WPL,PPU,2018,12
210300448,ANGKOT OK TRIP 941       ,   ,I1Y1NL000000000000,WPL,PPU,2018,12
210300455,ANGKOT OK TRIP 942       ,   ,I1Y1NL000000000000,WPL,PPU,2018,12
210300463,ANGKOT OK TRIP 943       ,   ,I1Y1NL000000000000,WPL,PPU,2018,12
210300471,ANGKOT OK TRIP 944       ,   ,I1Y1NL000000000000,WPL,PPU,2018,12
210300489,ANGKOT OK TRIP 945       ,   ,I1Y1NL000000000000,WPL,PPU,2018,12
210300497,ANGKOT OK TRIP 946       ,   ,I1Y1NL000000000000,WPL,PPU,2018,12
210300505,ANGKOT OK TRIP 947       ,   ,I1Y1NL000000000000,WPL,PPU,2018,12
210300513,ANGKOT OK TRIP 948       ,   ,I1Y1NL000000000000,WPL,PPU,2018,12
210300521,ANGKOT OK TRIP 949       ,   ,I1Y1NL000000000000,WPL,PPU,2018,12
210300539,ANGKOT OK TRIP 950       ,   ,I1Y1NL000000000000,WPL,PPU,2018,12
210300547,ANGKOT OK TRIP 951       ,   ,I1Y1NL000000000000,WPL,PPU,2018,12
210300554,ANGKOT OK TRIP 952       ,   ,I1Y1NL000000000000,WPL,PPU,2018,12
210300562,ANGKOT OK TRIP 953       ,   ,I1Y1NL000000000000,WPL,PPU,2018,12
210300570,ANGKOT OK TRIP 954       ,   ,I1Y1NL000000000000,WPL,PPU,2018,12
210300588,ANGKOT OK TRIP 955       ,   ,I1Y1NL000000000000,WPL,PPU,2018,12
210300596,ANGKOT OK TRIP 956       ,   ,I1Y1NL000000000000,WPL,PPU,2018,12
210300604,ANGKOT OK TRIP 957       ,   ,I1Y1NL000000000000,WPL,PPU,2018,12
210300612,ANGKOT OK TRIP 958       ,   ,I1Y1NL000000000000,WPL,PPU,2018,12
210300620,ANGKOT OK TRIP 959       ,   ,I1Y1NL000000000000,WPL,PPU,2018,12
210300638,ANGKOT OK TRIP 960       ,   ,I1Y1NL000000000000,WPL,PPU,2018,12
210300646,ANGKOT OK TRIP 961       ,   ,I1Y1NL000000000000,WPL,PPU,2018,12
210300653,ANGKOT OK TRIP 962       ,   ,I1Y1NL000000000000,WPL,PPU,2018,12
210300661,ANGKOT OK TRIP 963       ,   ,I1Y1NL000000000000,WPL,PPU,2018,12
210300679,ANGKOT OK TRIP 964       ,   ,I1Y1NL000000000000,WPL,PPU,2018,12
210300687,ANGKOT OK TRIP 965       ,   ,I1Y1NL000000000000,WPL,PPU,2018,12
210300695,ANGKOT OK TRIP 966       ,   ,I1Y1NL000000000000,WPL,PPU,2018,12
210300703,ANGKOT OK TRIP 967       ,   ,I1Y1NL000000000000,WPL,PPU,2018,12
210300711,ANGKOT OK TRIP 968       ,   ,I1Y1NL000000000000,WPL,PPU,2018,12
210300729,ANGKOT OK TRIP 969       ,   ,I1Y1NL000000000000,WPL,PPU,2018,12
210300737,ANGKOT OK TRIP 970       ,   ,I1Y1NL000000000000,WPL,PPU,2018,12
210300745,ANGKOT OK TRIP 971       ,   ,I1Y1NL000000000000,WPL,PPU,2018,12
210300752,ANGKOT OK TRIP 972       ,   ,I1Y1NL000000000000,WPL,PPU,2018,12
210300760,ANGKOT OK TRIP 973       ,   ,I1Y1NL000000000000,WPL,PPU,2018,12
210300778,ANGKOT OK TRIP 974       ,   ,I1Y1NL000000000000,WPL,PPU,2018,12
210300786,ANGKOT OK TRIP 975       ,   ,I1Y1NL000000000000,WPL,PPU,2018,12
210300794,ANGKOT OK TRIP 976       ,   ,I1Y1NL000000000000,WPL,PPU,2018,12
210300802,ANGKOT OK TRIP 977       ,   ,I1Y1NL000000000000,WPL,PPU,2018,12
210300810,ANGKOT OK TRIP 978       ,   ,I1Y1NL000000000000,WPL,PPU,2018,12
210300828,ANGKOT OK TRIP 979       ,   ,I1Y1NL000000000000,WPL,PPU,2018,12
210300836,ANGKOT OK TRIP 980       ,   ,I1Y1NL000000000000,WPL,PPU,2018,12
210300844,ANGKOT OK TRIP 981       ,   ,I1Y1NL000000000000,WPL,PPU,2018,12
210300851,ANGKOT OK TRIP 982       ,   ,I1Y1NL000000000000,WPL,PPU,2018,12
210300869,ANGKOT OK TRIP 983       ,   ,I1Y1NL000000000000,WPL,PPU,2018,12
210300877,ANGKOT OK TRIP 984       ,   ,I1Y1NL000000000000,WPL,PPU,2018,12
210300885,ANGKOT OK TRIP 985       ,   ,I1Y1NL000000000000,WPL,PPU,2018,12
210300893,ANGKOT OK TRIP 986       ,   ,I1Y1NL000000000000,WPL,PPU,2018,12
210300901,ANGKOT OK TRIP 987       ,   ,I1Y1NL000000000000,WPL,PPU,2018,12
210300919,ANGKOT OK TRIP 988       ,   ,I1Y1NL000000000000,WPL,PPU,2018,12
210300927,ANGKOT OK TRIP 989       ,   ,I1Y1NL000000000000,WPL,PPU,2018,12
210300935,ANGKOT OK TRIP 990       ,   ,I1Y1NL000000000000,WPL,PPU,2018,12
210300943,ANGKOT OK TRIP 991       ,   ,I1Y1NL000000000000,WPL,PPU,2018,12
210300950,ANGKOT OK TRIP 992       ,   ,I1Y1NL000000000000,WPL,PPU,2018,12
210300968,ANGKOT OK TRIP 993       ,   ,I1Y1NL000000000000,WPL,PPU,2018,12
210300976,ANGKOT OK TRIP 994       ,   ,I1Y1NL000000000000,WPL,PPU,2018,12
210301115,TJ JAKLINGKO TANAHABANG  ,   ,                  ,WPL,PPU,2018,12
212086011,ALFAMART KD50 MUSI 2     ,A08,P1Y1RR003984081MR2,WPL,PPU,2018,12
212086029,ALFAMART KD51 JEMBATAN LI,A05,P1Y1RR003984081MR2,WPL,PPU,2018,12
214361776,ALFAMART X861 SITU DAUN  ,A06,P1Y1RR003984081MR2,WPL,PPU,2018,12
214362188,ASDP MERAK EKSEKUTIF     ,   ,                  ,WPL,PPU,2018,12
215096884,BEBEK KUALI MBL          ,O20,B1X2MO203420037PG1,WPL,PPU,2018,12
215096918,BEBEK KUALI 2 MBL        ,O20,B1Y2MO203420037PG1,WPL,PPU,2018,12
215096926,BEBEK KUALI 3 MBL        ,O20,B1Y2MO203420037PG1,WPL,PPU,2018,12
215100504,LEMBUR SUKA SUNDA MBL    ,O20,                  ,WPL,PPU,2018,12
215100512,SUKA SUNDA MBL           ,O20,                  ,WPL,PPU,2018,12
215100520,SUKA SUNDA 2 MBL         ,O20,                  ,WPL,PPU,2018,12
215101635,TOKO CEMERLANG MBL       ,O20,                  ,WPL,PPU,2018,12
215101700,KURNIA 1 LAUNDRY MBL     ,O20,                  ,WPL,PPU,2018,12
215104985,ALFAMART KD46 KRAMAT RAYA,A08,P1Y1RR003984081MR2,WPL,PPU,2018,12
215104993,ALFAMART KD48 MANGGA     ,A08,P1Y1RR003984081MR2,WPL,PPU,2018,12
215105008,ALFAMART KD53 HERMINA TOW,A05,P1Y1RR003984081MR2,WPL,PPU,2018,12
215105032,ALFAMART JA93 CILANGKAP D,A05,P1Y1RR003984081MR2,WPL,PPU,2018,12
215105065,ALFAMART JA92 RATNA RESID,A05,P1Y1RR003984081MR2,WPL,PPU,2018,12
215105156,GERBANG BERKAH SOLUSI    ,   ,I1X1NO000000000000,WPL,PPU,2018,12
217172600,ALFAMART O741 DANGURAN KL,A08,P1Y1RR003984081MR2,WPL,PPU,2018,12
217172618,ALFAMART O789 HOS COKROAM,A08,P1Y1RR003984081MR2,WPL,PPU,2018,12
217172659,BANDARA ADI SUCIPTO      ,   ,I1X1NR000000000000,WPL,PPU,2018,12
218156941,MALANG STRUDEL KARANGPLOS,S19,B3Y1MT000841000AM2,WPL,PPU,2018,12